Â Afghanistan,https://iptv-org.github.io/iptv/countries/af.m3u
Â Albania,https://iptv-org.github.io/iptv/countries/al.m3u
Â Algeria,https://iptv-org.github.io/iptv/countries/dz.m3u
Â American Samoa,https://iptv-org.github.io/iptv/countries/as.m3u
Â Andorra,https://iptv-org.github.io/iptv/countries/ad.m3u
Â Angola,https://iptv-org.github.io/iptv/countries/ao.m3u
Â Anguilla,https://iptv-org.github.io/iptv/countries/ai.m3u
Â Antigua & Barbuda,https://iptv-org.github.io/iptv/countries/ag.m3u
Â Argentina,https://iptv-org.github.io/iptv/countries/ar.m3u
Â Armenia,https://iptv-org.github.io/iptv/countries/am.m3u
Â Aruba,https://iptv-org.github.io/iptv/countries/aw.m3u
Â Australia,https://iptv-org.github.io/iptv/countries/au.m3u
Â Austria,https://iptv-org.github.io/iptv/countries/at.m3u
Â Azerbaijan,https://iptv-org.github.io/iptv/countries/az.m3u
Â Bahamas,https://iptv-org.github.io/iptv/countries/bs.m3u
Â Bahrain,https://iptv-org.github.io/iptv/countries/bh.m3u
Â Bangladesh,https://iptv-org.github.io/iptv/countries/bd.m3u
Â Barbados,https://iptv-org.github.io/iptv/countries/bb.m3u
Â Belarus,https://iptv-org.github.io/iptv/countries/by.m3u
Â Belgium,https://iptv-org.github.io/iptv/countries/be.m3u
Â Belize,https://iptv-org.github.io/iptv/countries/bz.m3u
Â Benin,https://iptv-org.github.io/iptv/countries/bj.m3u
Â Bermuda,https://iptv-org.github.io/iptv/countries/bm.m3u
Â Bhutan,https://iptv-org.github.io/iptv/countries/bt.m3u
Â Bolivia,https://iptv-org.github.io/iptv/countries/bo.m3u
Â Bosnia,https://iptv-org.github.io/iptv/countries/ba.m3u
Â Botswana,https://iptv-org.github.io/iptv/countries/bw.m3u
Â Brazil,https://iptv-org.github.io/iptv/countries/br.m3u
Â British Virgin Islands,https://iptv-org.github.io/iptv/countries/vg.m3u
Â Brunei,https://iptv-org.github.io/iptv/countries/bn.m3u
Â Bulgaria,https://iptv-org.github.io/iptv/countries/bg.m3u
Â Burkina Faso,https://iptv-org.github.io/iptv/countries/bf.m3u
Â Burundi,https://iptv-org.github.io/iptv/countries/bi.m3u
Â Cambodia,https://iptv-org.github.io/iptv/countries/kh.m3u
Â Cameroon,https://iptv-org.github.io/iptv/countries/cm.m3u
Â Canada,https://iptv-org.github.io/iptv/countries/ca.m3u
Â Cape Verde,https://iptv-org.github.io/iptv/countries/cv.m3u
Â Cayman Islands,https://iptv-org.github.io/iptv/countries/ky.m3u
Â Central African Republic,https://iptv-org.github.io/iptv/countries/cf.m3u
Â Chad,https://iptv-org.github.io/iptv/countries/td.m3u
Â Chile,https://iptv-org.github.io/iptv/countries/cl.m3u
Â China,https://iptv-org.github.io/iptv/countries/cn.m3u
Â Colombia,https://iptv-org.github.io/iptv/countries/co.m3u
Â Comoros,https://iptv-org.github.io/iptv/countries/km.m3u
Â Congo - Brazzaville,https://iptv-org.github.io/iptv/countries/cg.m3u
Â Congo - Kinshasa,https://iptv-org.github.io/iptv/countries/cd.m3u
Â Cook Islands,https://iptv-org.github.io/iptv/countries/ck.m3u
Â Costa Rica,https://iptv-org.github.io/iptv/countries/cr.m3u
Â Croatia,https://iptv-org.github.io/iptv/countries/hr.m3u
Â Cuba,https://iptv-org.github.io/iptv/countries/cu.m3u
Â CuraÃ§ao,https://iptv-org.github.io/iptv/countries/cw.m3u
ðŸ‡¦ðŸ‡³Â CuraÃ§ao,https://iptv-org.github.io/iptv/countries/an.m3u
Â Cyprus,https://iptv-org.github.io/iptv/countries/cy.m3u
Â Czechia,https://iptv-org.github.io/iptv/countries/cz.m3u
Â CÃ´te dâ€™Ivoire,https://iptv-org.github.io/iptv/countries/ci.m3u
Â Denmark,https://iptv-org.github.io/iptv/countries/dk.m3u
Â Djibouti,https://iptv-org.github.io/iptv/countries/dj.m3u
Â Dominica,https://iptv-org.github.io/iptv/countries/dm.m3u
Â Dominican Republic,https://iptv-org.github.io/iptv/countries/do.m3u
Â Ecuador,https://iptv-org.github.io/iptv/countries/ec.m3u
Â Egypt,https://iptv-org.github.io/iptv/countries/eg.m3u
Â El Salvador,https://iptv-org.github.io/iptv/countries/sv.m3u
Â Equatorial Guinea,https://iptv-org.github.io/iptv/countries/gq.m3u
Â Eritrea,https://iptv-org.github.io/iptv/countries/er.m3u
Â Estonia,https://iptv-org.github.io/iptv/countries/ee.m3u
Â Eswatini,https://iptv-org.github.io/iptv/countries/sz.m3u
Â Ethiopia,https://iptv-org.github.io/iptv/countries/et.m3u
Â Faroe Islands,https://iptv-org.github.io/iptv/countries/fo.m3u
Â Fiji,https://iptv-org.github.io/iptv/countries/fj.m3u
Â Finland,https://iptv-org.github.io/iptv/countries/fi.m3u
Â France,https://iptv-org.github.io/iptv/countries/fr.m3u
Â French Guiana,https://iptv-org.github.io/iptv/countries/gf.m3u
Â French Polynesia,https://iptv-org.github.io/iptv/countries/pf.m3u
Â French Southern Territories,https://iptv-org.github.io/iptv/countries/tf.m3u
Â Gabon,https://iptv-org.github.io/iptv/countries/ga.m3u
Â Gambia,https://iptv-org.github.io/iptv/countries/gm.m3u
Â Georgia,https://iptv-org.github.io/iptv/countries/ge.m3u
Â Germany,https://iptv-org.github.io/iptv/countries/de.m3u
Â Ghana,https://iptv-org.github.io/iptv/countries/gh.m3u
Â Greece,https://iptv-org.github.io/iptv/countries/gr.m3u
Â Greenland,https://iptv-org.github.io/iptv/countries/gl.m3u
Â Grenada,https://iptv-org.github.io/iptv/countries/gd.m3u
Â Guadeloupe,https://iptv-org.github.io/iptv/countries/gp.m3u
Â Guam,https://iptv-org.github.io/iptv/countries/gu.m3u
Â Guatemala,https://iptv-org.github.io/iptv/countries/gt.m3u
Â Guinea,https://iptv-org.github.io/iptv/countries/gn.m3u
Â Guinea-Bissau,https://iptv-org.github.io/iptv/countries/gw.m3u
Â Haiti,https://iptv-org.github.io/iptv/countries/ht.m3u
Â Honduras,https://iptv-org.github.io/iptv/countries/hn.m3u
Â Hong Kong,https://iptv-org.github.io/iptv/countries/hk.m3u
Â Hungary,https://iptv-org.github.io/iptv/countries/hu.m3u
Â Iceland,https://iptv-org.github.io/iptv/countries/is.m3u
Â India,https://iptv-org.github.io/iptv/countries/in.m3u
Â Indonesia,https://iptv-org.github.io/iptv/countries/id.m3u
Â International,https://iptv-org.github.io/iptv/countries/int.m3u
Â Iran,https://iptv-org.github.io/iptv/countries/ir.m3u
Â Iraq,https://iptv-org.github.io/iptv/countries/iq.m3u
Â Ireland,https://iptv-org.github.io/iptv/countries/ie.m3u
Â Israel,https://iptv-org.github.io/iptv/countries/il.m3u
Â Italy,https://iptv-org.github.io/iptv/countries/it.m3u
Â Jamaica,https://iptv-org.github.io/iptv/countries/jm.m3u
Â Japan,https://iptv-org.github.io/iptv/countries/jp.m3u
Â Jordan,https://iptv-org.github.io/iptv/countries/jo.m3u
Â Kazakhstan,https://iptv-org.github.io/iptv/countries/kz.m3u
Â Kenya,https://iptv-org.github.io/iptv/countries/ke.m3u
Â Kiribati,https://iptv-org.github.io/iptv/countries/ki.m3u
Â Kosovo,https://iptv-org.github.io/iptv/countries/xk.m3u
Â Kuwait,https://iptv-org.github.io/iptv/countries/kw.m3u
Â Kyrgyzstan,https://iptv-org.github.io/iptv/countries/kg.m3u
Â Laos,https://iptv-org.github.io/iptv/countries/la.m3u
Â Latvia,https://iptv-org.github.io/iptv/countries/lv.m3u
Â Lebanon,https://iptv-org.github.io/iptv/countries/lb.m3u
Â Lesotho,https://iptv-org.github.io/iptv/countries/ls.m3u
Â Liberia,https://iptv-org.github.io/iptv/countries/lr.m3u
Â Libya,https://iptv-org.github.io/iptv/countries/ly.m3u
Â Liechtenstein,https://iptv-org.github.io/iptv/countries/li.m3u
Â Lithuania,https://iptv-org.github.io/iptv/countries/lt.m3u
Â Luxembourg,https://iptv-org.github.io/iptv/countries/lu.m3u
Â Macao,https://iptv-org.github.io/iptv/countries/mo.m3u
Â Madagascar,https://iptv-org.github.io/iptv/countries/mg.m3u
Â Malawi,https://iptv-org.github.io/iptv/countries/mw.m3u
Â Malaysia,https://iptv-org.github.io/iptv/countries/my.m3u
Â Maldives,https://iptv-org.github.io/iptv/countries/mv.m3u
Â Mali,https://iptv-org.github.io/iptv/countries/ml.m3u
Â Malta,https://iptv-org.github.io/iptv/countries/mt.m3u
Â Marshall Islands,https://iptv-org.github.io/iptv/countries/mh.m3u
Â Martinique,https://iptv-org.github.io/iptv/countries/mq.m3u
Â Mauritania,https://iptv-org.github.io/iptv/countries/mr.m3u
Â Mauritius,https://iptv-org.github.io/iptv/countries/mu.m3u
Â Mayotte,https://iptv-org.github.io/iptv/countries/yt.m3u
Â Mexico,https://iptv-org.github.io/iptv/countries/mx.m3u
Â Micronesia,https://iptv-org.github.io/iptv/countries/fm.m3u
Â Moldova,https://iptv-org.github.io/iptv/countries/md.m3u
Â Monaco,https://iptv-org.github.io/iptv/countries/mc.m3u
Â Mongolia,https://iptv-org.github.io/iptv/countries/mn.m3u
Â Montenegro,https://iptv-org.github.io/iptv/countries/me.m3u
Â Montserrat,https://iptv-org.github.io/iptv/countries/ms.m3u
Â Morocco,https://iptv-org.github.io/iptv/countries/ma.m3u
Â Mozambique,https://iptv-org.github.io/iptv/countries/mz.m3u
Â Myanmar,https://iptv-org.github.io/iptv/countries/mm.m3u
Â Namibia,https://iptv-org.github.io/iptv/countries/na.m3u
Â Nauru,https://iptv-org.github.io/iptv/countries/nr.m3u
Â Nepal,https://iptv-org.github.io/iptv/countries/np.m3u
Â Netherlands,https://iptv-org.github.io/iptv/countries/nl.m3u
Â New Caledonia,https://iptv-org.github.io/iptv/countries/nc.m3u
Â New Zealand,https://iptv-org.github.io/iptv/countries/nz.m3u
Â Nicaragua,https://iptv-org.github.io/iptv/countries/ni.m3u
Â Niger,https://iptv-org.github.io/iptv/countries/ne.m3u
Â Nigeria,https://iptv-org.github.io/iptv/countries/ng.m3u
Â Niue,https://iptv-org.github.io/iptv/countries/nu.m3u
Â Norfolk Island,https://iptv-org.github.io/iptv/countries/nf.m3u
Â North Korea,https://iptv-org.github.io/iptv/countries/kp.m3u
Â North Macedonia,https://iptv-org.github.io/iptv/countries/mk.m3u
Â Northern Mariana Islands,https://iptv-org.github.io/iptv/countries/mp.m3u
Â Norway,https://iptv-org.github.io/iptv/countries/no.m3u
Â Oman,https://iptv-org.github.io/iptv/countries/om.m3u
Â Pakistan,https://iptv-org.github.io/iptv/countries/pk.m3u
Â Palau,https://iptv-org.github.io/iptv/countries/pw.m3u
Â Palestine,https://iptv-org.github.io/iptv/countries/ps.m3u
Â Panama,https://iptv-org.github.io/iptv/countries/pa.m3u
Â Papua New Guinea,https://iptv-org.github.io/iptv/countries/pg.m3u
Â Paraguay,https://iptv-org.github.io/iptv/countries/py.m3u
Â Peru,https://iptv-org.github.io/iptv/countries/pe.m3u
Â Philippines,https://iptv-org.github.io/iptv/countries/ph.m3u
Â Pitcairn Islands,https://iptv-org.github.io/iptv/countries/pn.m3u
Â Poland,https://iptv-org.github.io/iptv/countries/pl.m3u
Â Portugal,https://iptv-org.github.io/iptv/countries/pt.m3u
Â Puerto Rico,https://iptv-org.github.io/iptv/countries/pr.m3u
Â Qatar,https://iptv-org.github.io/iptv/countries/qa.m3u
Â Romania,https://iptv-org.github.io/iptv/countries/ro.m3u
Â Russia,https://iptv-org.github.io/iptv/countries/ru.m3u
Â Rwanda,https://iptv-org.github.io/iptv/countries/rw.m3u
Â RÃ©union,https://iptv-org.github.io/iptv/countries/re.m3u
Â Samoa,https://iptv-org.github.io/iptv/countries/ws.m3u
Â San Marino,https://iptv-org.github.io/iptv/countries/sm.m3u
Â Saudi Arabia,https://iptv-org.github.io/iptv/countries/sa.m3u
Â Senegal,https://iptv-org.github.io/iptv/countries/sn.m3u
Â Serbia,https://iptv-org.github.io/iptv/countries/rs.m3u
Â Seychelles,https://iptv-org.github.io/iptv/countries/sc.m3u
Â Sierra Leone,https://iptv-org.github.io/iptv/countries/sl.m3u
Â Singapore,https://iptv-org.github.io/iptv/countries/sg.m3u
Â Sint Maarten,https://iptv-org.github.io/iptv/countries/sx.m3u
Â Slovakia,https://iptv-org.github.io/iptv/countries/sk.m3u
Â Slovenia,https://iptv-org.github.io/iptv/countries/si.m3u
Â Solomon Islands,https://iptv-org.github.io/iptv/countries/sb.m3u
Â Somalia,https://iptv-org.github.io/iptv/countries/so.m3u
Â South Africa,https://iptv-org.github.io/iptv/countries/za.m3u
Â South Korea,https://iptv-org.github.io/iptv/countries/kr.m3u
Â South Sudan,https://iptv-org.github.io/iptv/countries/ss.m3u
Â Spain,https://iptv-org.github.io/iptv/countries/es.m3u
Â Sri Lanka,https://iptv-org.github.io/iptv/countries/lk.m3u
Â St. BarthÃ©lemy,https://iptv-org.github.io/iptv/countries/bl.m3u
Â St. Helena,https://iptv-org.github.io/iptv/countries/sh.m3u
Â St. Kitts & Nevis,https://iptv-org.github.io/iptv/countries/kn.m3u
Â St. Lucia,https://iptv-org.github.io/iptv/countries/lc.m3u
Â St. Martin,https://iptv-org.github.io/iptv/countries/mf.m3u
Â St. Pierre & Miquelon,https://iptv-org.github.io/iptv/countries/pm.m3u
Â St. Vincent & Grenadines,https://iptv-org.github.io/iptv/countries/vc.m3u
Â Sudan,https://iptv-org.github.io/iptv/countries/sd.m3u
Â Sweden,https://iptv-org.github.io/iptv/countries/se.m3u
Â Switzerland,https://iptv-org.github.io/iptv/countries/ch.m3u
Â Syria,https://iptv-org.github.io/iptv/countries/sy.m3u
Â SÃ£o TomÃ© & PrÃ­ncipe,https://iptv-org.github.io/iptv/countries/st.m3u
Â Taiwan,https://iptv-org.github.io/iptv/countries/tw.m3u
Â Tajikistan,https://iptv-org.github.io/iptv/countries/tj.m3u
Â Tanzania,https://iptv-org.github.io/iptv/countries/tz.m3u
Â Thailand,https://iptv-org.github.io/iptv/countries/th.m3u
Â Timor-Leste,https://iptv-org.github.io/iptv/countries/tl.m3u
Â Togo,https://iptv-org.github.io/iptv/countries/tg.m3u
Â Tokelau,https://iptv-org.github.io/iptv/countries/tk.m3u
Â Tonga,https://iptv-org.github.io/iptv/countries/to.m3u
Â Trinidad & Tobago,https://iptv-org.github.io/iptv/countries/tt.m3u
Â Tunisia,https://iptv-org.github.io/iptv/countries/tn.m3u
Â Turkey,https://iptv-org.github.io/iptv/countries/tr.m3u
Â Turkmenistan,https://iptv-org.github.io/iptv/countries/tm.m3u
Â Turks & Caicos Islands,https://iptv-org.github.io/iptv/countries/tc.m3u
Â Tuvalu,https://iptv-org.github.io/iptv/countries/tv.m3u
Â U.S. Virgin Islands,https://iptv-org.github.io/iptv/countries/vi.m3u
Â Uganda,https://iptv-org.github.io/iptv/countries/ug.m3u
Â Ukraine,https://iptv-org.github.io/iptv/countries/ua.m3u
Â United Arab Emirates,https://iptv-org.github.io/iptv/countries/ae.m3u
Â United Kingdom,https://iptv-org.github.io/iptv/countries/uk.m3u
Â United States,https://iptv-org.github.io/iptv/countries/us.m3u
Â Uruguay,https://iptv-org.github.io/iptv/countries/uy.m3u
Â Uzbekistan,https://iptv-org.github.io/iptv/countries/uz.m3u
Â Vanuatu,https://iptv-org.github.io/iptv/countries/vu.m3u
Â Vatican City,https://iptv-org.github.io/iptv/countries/va.m3u
Â Venezuela,https://iptv-org.github.io/iptv/countries/ve.m3u
Â Vietnam,https://iptv-org.github.io/iptv/countries/vn.m3u
Â Wallis & Futuna,https://iptv-org.github.io/iptv/countries/wf.m3u
Â Western Sahara,https://iptv-org.github.io/iptv/countries/eh.m3u
Â Yemen,https://iptv-org.github.io/iptv/countries/ye.m3u
Â Zambia,https://iptv-org.github.io/iptv/countries/zm.m3u
Â Zimbabwe,https://iptv-org.github.io/iptv/countries/zw.m3u
Â Ã…land Islands,https://iptv-org.github.io/iptv/countries/ax.m3u
Undefined,https://iptv-org.github.io/iptv/countries/undefined.m3u
